,id,user_id,name,current_streak,last_date,longest_streak,created_at ,updated_at 
0,32,144,tormenta,0,2026-01-22,5,2026-06-02,2026-05-02
1,182,86,flama,10,2026-01-13,13,2026-05-11,2026-05-09
2,66,51,rayo,0,2026-02-16,8,2026-04-22,2026-04-19
3,58,38,rayo,1,2026-02-25,0,2026-05-07,2026-04-25
4,30,181,rayo,26,2026-01-06,12,2026-06-09,2026-04-19
5,127,36,magma,22,2026-03-02,18,2026-05-13,2026-04-11
6,27,173,chispa,2,2026-02-22,12,2026-04-16,2026-05-31
7,188,125,tormenta,23,2026-01-11,30,2026-05-04,2026-06-08
8,70,168,rayo,8,2026-02-14,7,2026-05-16,2026-06-07
9,36,161,flama,24,2026-03-02,13,2026-05-17,2026-04-27
10,140,176,chispa,8,2026-02-23,10,2026-05-18,2026-05-24
11,55,192,tormenta,24,2026-01-08,0,2026-05-25,2026-05-21
12,12,109,flama,11,2026-01-30,17,2026-04-30,2026-05-14
13,177,0,magma,18,2026-01-04,25,2026-04-14,2026-06-09
14,9,49,chispa,8,2026-01-25,16,2026-05-03,2026-04-19
15,19,167,tormenta,14,2026-02-15,20,2026-04-26,2026-04-11
16,156,11,magma,18,2026-01-05,5,2026-06-02,2026-05-13
17,27,28,magma,1,2026-02-24,4,2026-06-02,2026-04-20
18,112,39,tormenta,8,2026-01-03,12,2026-05-26,2026-04-27
19,61,41,magma,6,2026-02-24,3,2026-04-17,2026-04-14
20,109,110,flama,17,2026-02-28,4,2026-06-09,2026-05-12
21,166,165,tormenta,19,2026-01-27,1,2026-04-30,2026-05-13
22,108,155,magma,22,2026-01-29,18,2026-05-15,2026-05-12
23,172,97,flama,27,2026-02-20,10,2026-05-27,2026-05-18
24,0,19,magma,4,2026-01-28,7,2026-04-21,2026-04-26
25,187,157,rayo,18,2026-02-12,28,2026-05-04,2026-04-22
26,116,162,chispa,7,2026-01-17,6,2026-05-16,2026-06-05
27,193,152,magma,12,2026-02-27,0,2026-04-29,2026-06-07
28,114,186,flama,1,2026-02-26,6,2026-06-02,2026-04-24
29,52,0,flama,27,2026-02-06,21,2026-06-02,2026-04-13
30,93,140,rayo,19,2026-02-05,17,2026-05-11,2026-05-23
31,146,5,flama,30,2026-01-13,28,2026-05-25,2026-05-08
32,81,47,rayo,5,2026-02-02,3,2026-05-04,2026-05-02
33,173,46,tormenta,12,2026-02-25,29,2026-04-28,2026-04-22
34,97,127,tormenta,5,2026-01-31,17,2026-06-10,2026-05-29
35,58,54,rayo,0,2026-01-11,2,2026-05-14,2026-06-10
36,71,172,flama,3,2026-01-20,2,2026-06-09,2026-05-07
37,176,92,magma,0,2026-02-27,13,2026-05-21,2026-05-03
38,55,11,chispa,28,2026-02-04,13,2026-06-03,2026-05-21
39,90,69,magma,7,2026-01-03,9,2026-04-21,2026-05-13
40,148,117,magma,15,2026-02-21,1,2026-04-22,2026-05-12
41,35,169,flama,7,2026-01-26,21,2026-05-02,2026-06-02
42,165,162,chispa,8,2026-02-15,25,2026-04-17,2026-05-11
43,154,82,magma,23,2026-01-29,0,2026-04-20,2026-06-04
44,160,120,tormenta,24,2026-02-08,16,2026-05-30,2026-04-13
45,198,60,magma,23,2026-01-24,9,2026-04-15,2026-05-20
46,164,83,tormenta,29,2026-02-09,15,2026-05-09,2026-05-09
47,84,11,tormenta,27,2026-02-28,27,2026-05-28,2026-05-21
48,41,52,flama,21,2026-02-28,26,2026-04-17,2026-06-02
49,137,20,rayo,26,2026-01-08,23,2026-04-14,2026-05-24
50,97,180,magma,17,2026-02-19,19,2026-04-29,2026-06-01
51,166,135,chispa,7,2026-02-06,8,2026-05-03,2026-05-21
52,195,189,rayo,29,2026-02-01,7,2026-05-23,2026-05-23
53,159,137,magma,30,2026-02-04,12,2026-04-30,2026-06-03
54,4,198,chispa,23,2026-01-26,21,2026-04-26,2026-06-05
55,82,27,tormenta,3,2026-01-04,18,2026-05-04,2026-05-12
56,26,61,flama,24,2026-01-12,24,2026-05-13,2026-04-18
57,103,170,magma,13,2026-01-28,9,2026-05-12,2026-04-14
58,61,6,flama,1,2026-01-29,7,2026-05-31,2026-06-03
59,30,56,magma,8,2026-03-01,12,2026-05-06,2026-05-18
60,2,20,rayo,9,2026-02-23,2,2026-05-31,2026-04-16
61,194,36,flama,12,2026-02-20,8,2026-06-01,2026-05-30
62,78,55,magma,24,2026-01-19,7,2026-05-03,2026-04-18
63,168,89,rayo,3,2026-02-16,12,2026-05-22,2026-06-07
64,134,141,flama,22,2026-02-18,2,2026-05-11,2026-05-22
65,175,195,chispa,17,2026-02-23,29,2026-05-02,2026-05-21
66,176,149,flama,2,2026-02-12,13,2026-04-12,2026-06-02
67,87,146,magma,25,2026-02-03,30,2026-05-03,2026-05-04
68,0,6,tormenta,16,2026-01-21,21,2026-06-05,2026-05-20
69,6,0,chispa,5,2026-01-28,8,2026-04-14,2026-04-23
70,176,113,rayo,19,2026-01-22,19,2026-06-09,2026-05-11
71,154,155,tormenta,5,2026-01-22,21,2026-05-30,2026-04-15
72,89,12,chispa,8,2026-02-10,13,2026-05-07,2026-06-07
73,57,76,rayo,23,2026-01-16,16,2026-06-01,2026-05-01
74,71,55,rayo,1,2026-02-26,29,2026-05-28,2026-04-22
75,61,48,tormenta,28,2026-01-27,16,2026-05-07,2026-04-21
76,66,167,chispa,11,2026-02-25,7,2026-06-04,2026-05-06
77,140,35,rayo,9,2026-01-06,3,2026-04-16,2026-05-26
78,24,97,flama,9,2026-01-11,15,2026-05-22,2026-05-12
79,170,149,magma,24,2026-01-23,20,2026-04-29,2026-05-13
80,189,163,rayo,24,2026-02-06,18,2026-05-31,2026-05-15
81,4,35,chispa,23,2026-02-05,19,2026-04-14,2026-05-09
82,24,91,rayo,8,2026-01-24,5,2026-05-26,2026-05-29
83,150,156,flama,25,2026-01-29,11,2026-06-09,2026-05-22
84,186,182,tormenta,4,2026-01-16,16,2026-05-30,2026-05-14
85,53,121,chispa,0,2026-01-16,9,2026-04-20,2026-05-21
86,86,37,flama,0,2026-01-26,24,2026-05-25,2026-04-24
87,128,160,chispa,11,2026-01-04,6,2026-04-12,2026-05-03
88,11,126,flama,21,2026-02-24,3,2026-04-15,2026-06-04
89,73,58,flama,27,2026-02-22,22,2026-05-31,2026-05-28
90,83,45,tormenta,13,2026-01-15,12,2026-05-10,2026-06-07
91,116,106,flama,7,2026-01-18,19,2026-04-26,2026-04-18
92,12,123,rayo,1,2026-01-27,11,2026-06-02,2026-04-13
93,141,88,tormenta,22,2026-02-18,20,2026-05-29,2026-05-16
94,168,8,tormenta,5,2026-01-15,17,2026-04-19,2026-04-15
95,19,96,magma,18,2026-02-26,15,2026-05-07,2026-05-23
96,35,176,flama,27,2026-01-21,29,2026-05-04,2026-04-13
97,2,89,tormenta,16,2026-01-28,10,2026-05-21,2026-04-19
98,123,130,magma,22,2026-01-27,2,2026-04-20,2026-04-29
99,106,140,rayo,4,2026-01-21,14,2026-06-07,2026-05-12
100,109,76,tormenta,25,2026-03-01,13,2026-06-09,2026-05-27
101,181,94,magma,2,2026-01-11,15,2026-04-27,2026-05-03
102,118,145,flama,6,2026-01-19,11,2026-04-14,2026-04-19
103,198,100,rayo,1,2026-02-05,5,2026-05-26,2026-05-06
104,190,1,flama,14,2026-01-13,2,2026-05-29,2026-05-20
105,94,36,chispa,14,2026-02-22,19,2026-04-13,2026-05-30
106,20,184,magma,27,2026-02-26,13,2026-06-08,2026-04-30
107,24,88,rayo,7,2026-01-05,6,2026-05-27,2026-04-26
108,118,180,magma,4,2026-03-01,7,2026-06-08,2026-04-14
109,163,151,tormenta,9,2026-01-26,12,2026-04-23,2026-05-28
110,21,183,chispa,17,2026-02-04,20,2026-05-09,2026-04-11
111,61,87,magma,26,2026-01-27,10,2026-05-03,2026-05-20
112,4,18,magma,25,2026-02-14,19,2026-04-13,2026-04-30
113,139,3,flama,20,2026-02-13,20,2026-04-23,2026-04-29
114,10,101,flama,14,2026-02-25,18,2026-04-28,2026-06-09
115,47,193,rayo,28,2026-02-09,7,2026-05-31,2026-05-11
116,54,41,tormenta,6,2026-01-02,29,2026-05-30,2026-05-18
117,114,189,rayo,28,2026-02-22,24,2026-06-05,2026-05-19
118,147,183,tormenta,21,2026-02-02,6,2026-05-17,2026-05-03
119,5,91,magma,25,2026-01-24,2,2026-05-07,2026-05-08
120,124,22,tormenta,10,2026-02-01,19,2026-04-14,2026-05-25
121,114,70,magma,19,2026-02-22,2,2026-05-05,2026-05-30
122,96,12,rayo,13,2026-02-10,10,2026-04-17,2026-05-04
123,162,9,rayo,8,2026-01-15,7,2026-05-14,2026-05-19
124,151,56,rayo,7,2026-02-26,7,2026-05-11,2026-06-10
125,50,89,chispa,8,2026-01-14,21,2026-05-22,2026-04-17
126,93,65,magma,22,2026-01-07,30,2026-05-20,2026-06-08
127,103,4,tormenta,6,2026-02-27,19,2026-05-29,2026-04-26
128,139,196,tormenta,20,2026-01-14,11,2026-05-19,2026-06-03
129,179,141,chispa,29,2026-01-15,28,2026-04-21,2026-04-23
130,116,72,magma,27,2026-02-03,21,2026-05-21,2026-04-25
131,184,186,tormenta,23,2026-01-29,23,2026-05-04,2026-05-04
132,168,155,rayo,18,2026-02-06,4,2026-04-27,2026-05-19
133,7,61,tormenta,29,2026-01-07,8,2026-05-10,2026-04-18
134,42,12,rayo,8,2026-02-02,20,2026-04-30,2026-06-06
135,46,141,flama,19,2026-02-24,13,2026-04-30,2026-05-07
136,74,13,rayo,25,2026-01-06,2,2026-05-07,2026-05-05
137,178,17,flama,25,2026-01-06,25,2026-04-17,2026-04-22
138,196,67,tormenta,1,2026-03-01,12,2026-05-05,2026-05-03
139,167,150,rayo,5,2026-02-03,6,2026-05-21,2026-05-24
140,35,24,tormenta,23,2026-01-29,13,2026-05-05,2026-05-16
141,96,46,tormenta,3,2026-02-02,6,2026-05-06,2026-05-16
142,15,182,rayo,29,2026-01-21,20,2026-04-18,2026-06-04
143,114,34,chispa,19,2026-02-15,22,2026-05-21,2026-05-30
144,195,146,flama,26,2026-03-03,11,2026-05-08,2026-06-04
145,61,158,flama,8,2026-01-28,1,2026-04-23,2026-05-19
146,48,119,rayo,17,2026-01-12,10,2026-04-26,2026-06-01
147,77,18,magma,21,2026-02-27,19,2026-05-17,2026-05-22
148,85,132,magma,7,2026-01-26,17,2026-05-30,2026-06-06
149,91,118,flama,26,2026-01-28,23,2026-05-07,2026-04-13
150,162,16,rayo,28,2026-02-14,12,2026-06-03,2026-05-30
151,100,180,flama,22,2026-02-18,8,2026-04-17,2026-05-10
152,175,39,magma,26,2026-01-21,15,2026-04-26,2026-04-22
153,21,168,magma,1,2026-01-12,24,2026-05-07,2026-05-10
154,23,153,chispa,30,2026-02-12,20,2026-04-11,2026-06-01
155,122,164,flama,25,2026-01-18,2,2026-05-09,2026-04-15
156,86,67,magma,20,2026-01-22,12,2026-06-06,2026-05-28
157,167,195,tormenta,24,2026-01-19,29,2026-04-26,2026-05-19
158,198,144,tormenta,6,2026-02-06,24,2026-05-10,2026-04-14
159,147,168,chispa,17,2026-02-11,1,2026-04-24,2026-04-17
160,114,15,tormenta,14,2026-01-13,29,2026-05-12,2026-04-19
161,43,35,rayo,5,2026-01-16,20,2026-06-10,2026-05-21
162,23,77,rayo,17,2026-01-02,15,2026-04-17,2026-05-18
163,1,168,rayo,11,2026-02-09,29,2026-05-08,2026-06-06
164,130,133,chispa,23,2026-02-14,25,2026-06-08,2026-05-30
165,157,33,chispa,1,2026-01-04,4,2026-06-01,2026-06-10
166,159,189,rayo,30,2026-02-15,10,2026-05-12,2026-04-14
167,45,91,chispa,19,2026-01-03,6,2026-04-12,2026-06-02
168,119,185,chispa,18,2026-01-07,19,2026-05-14,2026-05-02
169,146,131,rayo,17,2026-01-07,1,2026-05-27,2026-04-21
170,35,149,rayo,29,2026-01-24,11,2026-06-07,2026-04-13
171,54,149,flama,2,2026-02-19,28,2026-04-25,2026-05-31
172,136,120,chispa,29,2026-02-11,4,2026-05-10,2026-05-21
173,81,193,rayo,15,2026-01-07,26,2026-05-11,2026-05-23
174,131,30,magma,10,2026-02-01,11,2026-04-29,2026-04-25
175,92,34,chispa,21,2026-02-08,12,2026-05-25,2026-06-05
176,77,191,magma,27,2026-02-21,22,2026-05-10,2026-05-14
177,50,1,flama,26,2026-01-22,22,2026-05-19,2026-05-06
178,195,99,tormenta,28,2026-02-04,5,2026-05-29,2026-06-07
179,84,54,rayo,14,2026-02-10,7,2026-05-25,2026-04-13
180,177,1,tormenta,13,2026-01-27,18,2026-05-12,2026-05-10
181,4,36,tormenta,20,2026-01-18,19,2026-05-09,2026-04-12
182,56,12,tormenta,18,2026-01-23,24,2026-04-23,2026-04-27
183,41,116,chispa,6,2026-01-14,11,2026-05-14,2026-05-25
184,155,146,tormenta,18,2026-02-10,3,2026-05-05,2026-05-16
185,44,57,magma,1,2026-03-02,1,2026-06-10,2026-04-24
186,0,80,rayo,10,2026-01-02,25,2026-04-17,2026-05-19
187,61,75,tormenta,13,2026-01-12,20,2026-05-12,2026-04-19
188,134,148,chispa,16,2026-02-25,17,2026-04-23,2026-06-07
189,32,104,flama,3,2026-01-20,29,2026-05-25,2026-04-27
190,119,157,tormenta,28,2026-01-06,2,2026-04-19,2026-05-30
191,23,154,chispa,16,2026-02-26,17,2026-05-17,2026-05-01
192,125,197,tormenta,21,2026-02-19,20,2026-05-24,2026-05-29
193,5,192,rayo,28,2026-02-21,19,2026-06-09,2026-05-17
194,49,132,tormenta,11,2026-01-02,4,2026-05-27,2026-05-28
195,143,35,rayo,0,2026-02-24,27,2026-04-21,2026-05-29
196,127,119,rayo,13,2026-02-18,6,2026-04-28,2026-06-02
197,86,139,flama,30,2026-01-26,1,2026-04-17,2026-05-13
198,35,115,flama,29,2026-02-28,28,2026-05-13,2026-04-15
199,86,78,chispa,0,2026-03-01,0,2026-05-18,2026-05-27
200,130,31,rayo,21,2026-02-11,13,2026-05-27,2026-05-05
201,126,124,flama,2,2026-02-02,21,2026-05-09,2026-04-14
202,34,31,flama,29,2026-01-11,8,2026-05-20,2026-04-19
203,144,22,tormenta,25,2026-01-03,26,2026-05-16,2026-04-29
204,68,176,flama,11,2026-01-09,15,2026-05-16,2026-04-14
205,171,44,magma,7,2026-01-13,14,2026-05-02,2026-06-09
206,36,157,tormenta,10,2026-01-31,14,2026-05-16,2026-04-30
207,147,33,flama,6,2026-02-09,30,2026-04-16,2026-06-08
208,64,124,flama,29,2026-01-31,18,2026-05-04,2026-05-26
209,159,21,rayo,8,2026-01-25,21,2026-05-31,2026-05-15
210,70,151,chispa,9,2026-01-17,22,2026-04-24,2026-06-02
211,118,187,flama,1,2026-01-02,2,2026-05-10,2026-04-26
212,191,116,flama,0,2026-01-07,16,2026-04-28,2026-05-11
213,136,175,tormenta,4,2026-01-27,9,2026-04-22,2026-04-25
214,90,58,flama,28,2026-01-28,11,2026-05-02,2026-04-21
215,185,69,rayo,16,2026-01-22,16,2026-04-25,2026-06-05
216,35,137,rayo,6,2026-01-13,19,2026-05-12,2026-04-16
217,17,28,magma,15,2026-02-14,3,2026-05-01,2026-04-23
218,173,76,flama,24,2026-02-18,11,2026-04-27,2026-05-21
219,185,20,tormenta,1,2026-02-01,10,2026-05-22,2026-06-06
220,30,69,chispa,1,2026-02-10,3,2026-05-28,2026-05-13
221,176,38,flama,23,2026-01-02,21,2026-05-25,2026-04-12
222,48,7,magma,13,2026-02-07,14,2026-05-29,2026-04-27
223,88,119,chispa,14,2026-02-20,6,2026-05-28,2026-06-05
224,6,26,rayo,24,2026-01-02,20,2026-05-26,2026-05-03
225,33,61,rayo,12,2026-02-04,14,2026-04-26,2026-05-07
226,91,122,magma,8,2026-01-05,30,2026-05-15,2026-04-15
227,69,31,magma,7,2026-01-03,10,2026-05-25,2026-06-10
228,4,71,chispa,4,2026-02-07,20,2026-05-29,2026-04-13
229,29,91,rayo,19,2026-01-08,14,2026-04-13,2026-05-17
230,39,121,chispa,5,2026-02-11,19,2026-06-07,2026-04-27
231,164,34,rayo,22,2026-02-16,23,2026-06-03,2026-04-30
232,159,56,magma,15,2026-02-12,23,2026-05-02,2026-05-08
233,164,139,tormenta,7,2026-01-19,24,2026-05-20,2026-05-03
234,129,13,chispa,21,2026-02-15,0,2026-05-09,2026-05-14
235,148,121,flama,19,2026-01-30,1,2026-04-16,2026-04-12
236,133,35,magma,21,2026-02-12,26,2026-04-22,2026-05-02
237,58,8,rayo,6,2026-02-19,16,2026-04-21,2026-05-28
238,113,22,magma,10,2026-02-25,13,2026-04-18,2026-06-05
239,67,16,flama,13,2026-01-23,13,2026-05-20,2026-05-19
240,182,155,tormenta,0,2026-01-07,27,2026-05-28,2026-05-23
241,51,76,rayo,13,2026-02-18,3,2026-04-28,2026-05-01
242,119,42,flama,26,2026-01-08,18,2026-05-05,2026-05-08
243,168,76,chispa,3,2026-02-01,19,2026-05-10,2026-05-24
244,117,101,tormenta,14,2026-01-23,21,2026-04-25,2026-04-17
245,45,121,rayo,14,2026-02-26,0,2026-06-07,2026-05-06
246,84,82,chispa,11,2026-02-19,1,2026-05-03,2026-04-24
247,78,19,magma,13,2026-01-24,16,2026-04-21,2026-04-11
248,66,14,chispa,1,2026-01-29,7,2026-05-26,2026-05-24
249,176,192,rayo,30,2026-02-01,22,2026-06-07,2026-06-05
250,166,152,magma,23,2026-02-25,9,2026-04-29,2026-04-25
251,198,139,rayo,0,2026-01-29,28,2026-05-16,2026-05-25
252,100,136,tormenta,15,2026-01-30,17,2026-06-09,2026-04-28
253,55,160,chispa,30,2026-02-14,27,2026-06-04,2026-05-15
254,146,32,tormenta,18,2026-02-27,13,2026-05-21,2026-05-13
255,16,123,flama,26,2026-02-11,7,2026-04-20,2026-04-24
256,149,19,flama,7,2026-02-10,25,2026-06-09,2026-05-03
257,40,100,rayo,27,2026-01-04,14,2026-04-30,2026-05-04
258,71,41,flama,0,2026-02-14,11,2026-04-22,2026-04-14
259,158,16,chispa,4,2026-02-06,7,2026-05-11,2026-04-15
260,157,86,chispa,10,2026-02-15,11,2026-05-21,2026-05-25
261,124,183,rayo,5,2026-01-11,9,2026-05-15,2026-05-26
262,130,42,chispa,23,2026-02-03,26,2026-05-05,2026-05-21
263,52,81,magma,29,2026-01-20,4,2026-05-16,2026-05-02
264,189,182,chispa,13,2026-02-13,21,2026-05-03,2026-04-25
265,5,129,chispa,5,2026-02-13,9,2026-05-21,2026-05-28
266,55,54,flama,20,2026-02-07,16,2026-05-07,2026-05-11
267,69,6,chispa,21,2026-01-07,30,2026-05-10,2026-04-23
268,73,78,chispa,5,2026-01-13,23,2026-05-24,2026-05-12
269,149,151,rayo,14,2026-02-15,10,2026-05-21,2026-04-22
270,185,72,magma,25,2026-01-27,7,2026-05-30,2026-05-05
271,186,92,tormenta,25,2026-01-07,22,2026-04-29,2026-05-26
272,120,4,magma,23,2026-01-15,20,2026-05-27,2026-06-08
273,165,92,rayo,22,2026-02-11,16,2026-05-13,2026-04-16
274,10,64,magma,8,2026-01-25,13,2026-04-29,2026-04-25
275,15,41,rayo,0,2026-02-17,28,2026-05-26,2026-05-27
276,64,143,magma,9,2026-02-27,9,2026-06-08,2026-05-08
277,184,26,flama,6,2026-02-25,30,2026-05-27,2026-05-19
278,7,72,flama,13,2026-02-18,20,2026-04-17,2026-04-27
279,88,103,rayo,27,2026-02-04,7,2026-05-18,2026-06-06
280,138,51,magma,17,2026-02-22,8,2026-04-17,2026-06-01
281,37,58,magma,4,2026-01-02,24,2026-04-11,2026-06-02
282,189,131,magma,28,2026-02-17,26,2026-04-15,2026-05-06
283,121,20,chispa,29,2026-01-22,17,2026-05-31,2026-06-09
284,103,182,magma,29,2026-02-05,22,2026-05-25,2026-04-24
285,135,70,flama,1,2026-01-22,9,2026-04-13,2026-05-24
286,153,83,magma,29,2026-01-26,1,2026-05-06,2026-04-21
287,93,188,rayo,3,2026-01-07,16,2026-06-02,2026-05-02
288,92,21,tormenta,22,2026-01-30,27,2026-06-01,2026-04-20
289,200,69,tormenta,0,2026-01-22,21,2026-05-22,2026-05-06
290,135,56,chispa,9,2026-02-08,16,2026-05-04,2026-05-27
291,65,61,magma,21,2026-01-14,14,2026-05-20,2026-05-31
292,41,7,magma,25,2026-01-13,29,2026-05-02,2026-05-13
293,101,197,rayo,11,2026-02-04,9,2026-06-10,2026-05-20
294,135,122,flama,11,2026-02-15,25,2026-04-26,2026-05-09
295,22,199,tormenta,27,2026-02-05,27,2026-05-11,2026-05-28
296,126,153,magma,9,2026-02-02,25,2026-05-08,2026-04-23
297,4,118,magma,10,2026-02-20,4,2026-06-08,2026-06-05
298,63,168,chispa,1,2026-01-04,27,2026-06-04,2026-05-11
299,50,39,flama,8,2026-02-25,28,2026-05-13,2026-05-02
300,140,90,magma,22,2026-01-03,21,2026-04-23,2026-05-18
301,133,78,chispa,21,2026-01-29,15,2026-04-11,2026-05-15
302,152,24,magma,19,2026-01-23,8,2026-06-09,2026-04-30
303,93,171,flama,19,2026-02-11,4,2026-04-21,2026-05-24
304,18,112,flama,23,2026-02-20,13,2026-04-11,2026-04-13
305,12,52,flama,1,2026-03-03,30,2026-05-21,2026-04-15
306,175,77,rayo,28,2026-01-03,26,2026-04-19,2026-05-11
307,138,86,rayo,7,2026-01-29,3,2026-05-20,2026-06-10
308,32,154,magma,3,2026-02-12,2,2026-06-09,2026-05-21
309,154,33,flama,22,2026-02-07,8,2026-04-12,2026-04-12
310,109,55,chispa,4,2026-02-14,20,2026-05-31,2026-05-08
311,57,13,magma,15,2026-01-22,15,2026-04-11,2026-05-21
312,65,110,tormenta,3,2026-02-25,7,2026-05-30,2026-05-18
313,110,110,flama,7,2026-01-12,15,2026-05-10,2026-04-26
314,139,1,magma,8,2026-01-17,12,2026-06-04,2026-05-11
315,3,14,rayo,7,2026-01-22,25,2026-06-10,2026-04-13
316,81,145,rayo,26,2026-01-24,10,2026-04-17,2026-05-31
317,31,58,flama,25,2026-01-18,15,2026-04-11,2026-05-02
318,11,124,flama,22,2026-01-29,28,2026-05-09,2026-04-13
319,17,40,magma,22,2026-02-23,13,2026-04-19,2026-04-28
320,121,200,magma,11,2026-01-08,19,2026-06-09,2026-04-23
321,163,180,flama,20,2026-02-15,22,2026-05-24,2026-05-06
322,182,132,tormenta,10,2026-01-07,2,2026-05-20,2026-06-02
323,152,81,rayo,1,2026-01-21,6,2026-04-18,2026-05-11
324,18,94,flama,19,2026-02-26,30,2026-05-29,2026-05-05
325,36,36,flama,14,2026-02-01,5,2026-04-28,2026-04-15
326,182,117,tormenta,25,2026-02-04,7,2026-05-16,2026-04-22
327,17,169,flama,23,2026-02-16,23,2026-04-27,2026-06-02
328,114,16,chispa,21,2026-01-08,18,2026-04-23,2026-05-22
329,82,47,chispa,6,2026-02-02,0,2026-05-26,2026-05-03
330,157,143,rayo,10,2026-02-20,3,2026-05-10,2026-04-25
331,164,79,rayo,29,2026-01-08,18,2026-06-02,2026-04-15
332,162,33,tormenta,13,2026-02-22,28,2026-04-30,2026-05-24
333,17,72,magma,23,2026-01-20,10,2026-05-05,2026-05-02
334,177,117,magma,22,2026-01-05,11,2026-04-30,2026-04-16
335,120,155,flama,17,2026-02-18,7,2026-05-30,2026-05-23
336,40,123,rayo,11,2026-01-11,21,2026-05-01,2026-05-31
337,97,136,chispa,22,2026-02-11,25,2026-05-22,2026-04-12
338,18,173,rayo,25,2026-02-02,29,2026-04-13,2026-05-21
339,36,139,tormenta,23,2026-01-24,17,2026-05-29,2026-04-27
340,184,16,magma,20,2026-01-24,30,2026-04-24,2026-05-20
341,120,122,magma,17,2026-02-18,23,2026-05-17,2026-04-25
342,0,92,flama,17,2026-02-06,22,2026-05-18,2026-04-16
343,169,80,tormenta,28,2026-01-14,29,2026-04-17,2026-06-03
344,170,25,rayo,26,2026-03-03,12,2026-05-21,2026-05-13
345,200,17,flama,11,2026-01-23,9,2026-05-26,2026-05-05
346,107,143,rayo,10,2026-01-17,9,2026-04-26,2026-05-15
347,97,70,magma,28,2026-01-15,25,2026-04-30,2026-06-09
348,187,27,magma,23,2026-02-07,21,2026-05-02,2026-04-12
349,172,46,chispa,9,2026-03-01,26,2026-06-10,2026-06-01
350,149,198,chispa,3,2026-01-05,18,2026-04-17,2026-05-24
351,53,26,flama,11,2026-01-20,18,2026-05-16,2026-06-02
352,67,173,tormenta,28,2026-01-24,17,2026-05-27,2026-04-30
353,33,193,magma,9,2026-01-13,15,2026-05-28,2026-05-03
354,62,145,magma,10,2026-02-19,22,2026-05-27,2026-05-27
355,30,19,rayo,28,2026-01-21,28,2026-06-07,2026-04-14
356,89,130,rayo,21,2026-03-02,1,2026-05-10,2026-05-24
357,29,123,magma,16,2026-01-08,11,2026-04-16,2026-04-14
358,13,109,chispa,10,2026-02-03,6,2026-05-12,2026-04-23
359,165,74,tormenta,26,2026-01-31,9,2026-06-08,2026-04-14
360,133,36,flama,1,2026-03-01,28,2026-05-12,2026-06-09
361,132,8,tormenta,0,2026-02-20,22,2026-06-06,2026-04-15
362,35,99,flama,15,2026-02-11,20,2026-05-19,2026-05-21
363,42,172,tormenta,19,2026-01-09,23,2026-05-27,2026-04-14
364,1,166,rayo,2,2026-02-21,15,2026-04-11,2026-06-01
365,120,69,rayo,6,2026-01-20,11,2026-04-15,2026-04-14
366,117,58,rayo,16,2026-01-12,8,2026-06-07,2026-05-21
367,107,0,tormenta,24,2026-02-25,20,2026-05-23,2026-04-18
368,114,169,tormenta,22,2026-02-07,18,2026-05-22,2026-04-18
369,119,66,magma,11,2026-01-21,0,2026-05-16,2026-05-27
370,127,43,rayo,9,2026-02-05,29,2026-05-11,2026-05-03
371,85,13,chispa,12,2026-02-21,21,2026-04-19,2026-04-21
372,114,8,magma,17,2026-01-21,2,2026-05-13,2026-05-16
373,8,54,flama,12,2026-01-25,9,2026-06-10,2026-05-27
374,101,112,tormenta,19,2026-02-15,12,2026-05-06,2026-06-10
375,12,47,flama,29,2026-02-13,1,2026-06-08,2026-04-19
376,42,129,chispa,27,2026-01-11,22,2026-05-08,2026-04-12
377,19,60,magma,26,2026-02-22,10,2026-04-30,2026-06-01
378,19,101,tormenta,27,2026-03-01,22,2026-06-02,2026-05-09
379,154,58,chispa,19,2026-01-29,29,2026-05-13,2026-05-09
380,158,164,rayo,14,2026-01-02,18,2026-04-12,2026-06-07
381,49,167,magma,27,2026-01-03,22,2026-06-10,2026-04-27
382,160,158,tormenta,0,2026-01-31,16,2026-05-09,2026-06-07
383,76,34,tormenta,0,2026-02-06,18,2026-06-05,2026-05-18
384,134,23,tormenta,2,2026-01-31,21,2026-06-04,2026-05-01
385,156,161,magma,23,2026-02-28,19,2026-05-29,2026-04-22
386,1,105,rayo,2,2026-01-22,19,2026-05-02,2026-05-22
387,127,148,magma,8,2026-01-22,6,2026-05-18,2026-04-17
388,92,19,chispa,22,2026-02-25,7,2026-04-21,2026-04-26
389,103,44,magma,27,2026-01-07,11,2026-05-26,2026-05-16
390,131,147,tormenta,28,2026-02-13,6,2026-05-19,2026-04-11
391,198,45,chispa,0,2026-02-15,27,2026-05-17,2026-05-29
392,61,148,chispa,3,2026-01-28,28,2026-06-04,2026-05-01
393,86,89,chispa,3,2026-02-27,25,2026-05-08,2026-04-15
394,133,155,tormenta,26,2026-01-18,27,2026-05-29,2026-05-02
395,60,61,magma,10,2026-02-24,7,2026-05-25,2026-05-19
396,24,190,flama,20,2026-02-21,22,2026-06-05,2026-04-19
397,36,167,magma,16,2026-01-31,10,2026-04-22,2026-04-29
398,82,40,chispa,19,2026-02-22,13,2026-04-22,2026-05-17
399,59,168,rayo,6,2026-02-17,23,2026-04-21,2026-06-06
400,174,193,tormenta,27,2026-01-21,16,2026-05-24,2026-05-20
401,6,114,chispa,16,2026-02-04,2,2026-05-25,2026-05-05
402,121,58,flama,18,2026-02-19,20,2026-05-03,2026-04-15
403,200,38,magma,21,2026-01-08,10,2026-06-02,2026-04-18
404,99,188,chispa,18,2026-02-27,3,2026-05-25,2026-05-31
405,69,140,magma,23,2026-01-25,7,2026-06-02,2026-06-09
406,178,196,tormenta,16,2026-01-20,9,2026-05-21,2026-04-28
407,165,189,flama,6,2026-02-19,0,2026-04-21,2026-05-20
408,81,83,magma,18,2026-02-10,1,2026-04-30,2026-04-21
409,36,147,tormenta,23,2026-01-28,27,2026-05-11,2026-04-28
410,182,26,magma,27,2026-01-31,4,2026-06-03,2026-05-25
411,61,149,rayo,3,2026-02-22,13,2026-05-30,2026-04-15
412,146,113,rayo,0,2026-01-29,26,2026-04-17,2026-05-20
413,152,154,tormenta,16,2026-01-28,14,2026-05-26,2026-05-08
414,163,135,rayo,9,2026-02-25,1,2026-05-17,2026-04-23
415,139,75,chispa,9,2026-01-15,6,2026-05-25,2026-05-05
416,111,96,chispa,18,2026-02-16,18,2026-05-30,2026-04-20
417,103,155,rayo,18,2026-01-26,1,2026-04-12,2026-04-16
418,147,199,flama,18,2026-01-17,25,2026-04-15,2026-05-06
419,162,174,chispa,0,2026-01-11,28,2026-05-10,2026-04-22
420,184,70,magma,2,2026-01-03,1,2026-06-03,2026-04-25
421,163,181,rayo,22,2026-02-16,20,2026-05-25,2026-05-04
422,186,166,chispa,6,2026-02-05,7,2026-05-06,2026-05-23
423,47,142,chispa,20,2026-02-16,19,2026-04-26,2026-05-20
424,128,66,magma,2,2026-02-18,16,2026-05-01,2026-04-26
425,71,152,magma,0,2026-02-24,0,2026-06-01,2026-04-12
426,194,104,rayo,24,2026-02-27,20,2026-04-27,2026-04-26
427,87,128,magma,14,2026-01-02,28,2026-05-02,2026-05-18
428,168,79,magma,20,2026-02-04,24,2026-04-23,2026-06-07
429,188,3,rayo,6,2026-02-07,29,2026-04-18,2026-06-03
430,69,10,chispa,23,2026-02-11,18,2026-04-20,2026-05-11
431,38,63,rayo,20,2026-01-06,0,2026-04-19,2026-04-23
432,165,143,rayo,25,2026-02-15,23,2026-06-04,2026-06-08
433,91,144,flama,14,2026-01-08,18,2026-05-09,2026-04-27
434,29,65,magma,24,2026-01-03,1,2026-05-31,2026-05-14
435,80,152,tormenta,28,2026-01-09,9,2026-05-12,2026-04-26
436,39,81,chispa,12,2026-02-18,27,2026-05-18,2026-05-30
437,119,150,flama,13,2026-02-16,30,2026-04-17,2026-05-05
438,131,44,chispa,20,2026-01-24,30,2026-05-13,2026-05-31
439,160,108,rayo,13,2026-01-29,9,2026-05-30,2026-05-29
440,99,150,tormenta,5,2026-02-28,19,2026-05-26,2026-06-06
441,20,60,tormenta,2,2026-01-09,17,2026-04-27,2026-04-11
442,196,200,flama,26,2026-01-16,16,2026-04-26,2026-05-20
443,157,82,tormenta,14,2026-01-07,6,2026-05-13,2026-05-30
444,13,60,magma,17,2026-01-16,7,2026-05-02,2026-05-13
445,144,165,magma,16,2026-02-25,23,2026-05-28,2026-05-25
446,28,88,magma,28,2026-01-08,4,2026-04-25,2026-05-17
447,33,126,chispa,17,2026-01-26,22,2026-05-06,2026-04-30
448,8,14,magma,23,2026-02-12,21,2026-05-20,2026-06-07
449,26,195,rayo,21,2026-02-25,13,2026-06-05,2026-06-03
450,3,116,chispa,9,2026-01-28,9,2026-05-07,2026-06-03
451,31,177,chispa,27,2026-01-03,4,2026-04-17,2026-04-25
452,10,166,rayo,28,2026-01-21,17,2026-05-30,2026-06-08
453,132,25,flama,26,2026-02-12,20,2026-04-27,2026-04-11
454,2,154,flama,17,2026-01-06,18,2026-04-17,2026-05-04
455,52,13,flama,16,2026-02-28,20,2026-05-25,2026-04-18
456,6,91,rayo,10,2026-03-01,6,2026-04-15,2026-05-17
457,25,171,chispa,22,2026-02-07,27,2026-06-02,2026-05-30
458,138,55,chispa,9,2026-01-19,14,2026-05-04,2026-05-08
459,99,193,chispa,15,2026-01-06,13,2026-06-09,2026-06-09
460,106,153,tormenta,19,2026-01-03,28,2026-06-03,2026-04-21
461,129,93,flama,23,2026-01-02,10,2026-05-12,2026-05-05
462,56,100,flama,22,2026-02-17,14,2026-04-13,2026-05-22
463,31,165,flama,17,2026-01-14,7,2026-05-29,2026-04-12
464,113,114,flama,24,2026-01-06,3,2026-04-16,2026-05-16
465,120,196,flama,20,2026-01-23,25,2026-05-17,2026-05-26
466,184,7,magma,14,2026-02-05,22,2026-05-14,2026-06-07
467,91,193,chispa,0,2026-01-27,2,2026-04-27,2026-06-08
468,13,46,chispa,23,2026-02-07,15,2026-05-31,2026-05-23
469,195,2,tormenta,12,2026-01-26,30,2026-05-23,2026-05-29
470,43,164,magma,14,2026-02-20,16,2026-06-06,2026-05-09
471,119,122,flama,18,2026-02-06,15,2026-05-02,2026-04-25
472,56,94,tormenta,29,2026-02-28,24,2026-05-02,2026-05-07
473,14,117,tormenta,10,2026-01-06,18,2026-06-04,2026-05-29
474,79,94,rayo,10,2026-01-21,27,2026-05-21,2026-04-15
475,116,40,rayo,6,2026-01-24,29,2026-05-23,2026-06-01
476,150,32,tormenta,13,2026-01-14,12,2026-05-08,2026-05-24
477,181,157,magma,4,2026-02-15,0,2026-04-23,2026-04-20
478,92,65,chispa,4,2026-01-14,22,2026-04-12,2026-05-06
479,184,139,tormenta,6,2026-01-21,22,2026-06-10,2026-05-11
480,146,12,magma,26,2026-01-11,1,2026-05-04,2026-06-09
481,23,76,chispa,4,2026-01-05,3,2026-04-30,2026-06-05
482,100,174,flama,20,2026-02-25,12,2026-04-28,2026-05-09
483,154,7,tormenta,14,2026-02-22,16,2026-05-09,2026-06-01
484,176,59,rayo,17,2026-01-12,0,2026-05-23,2026-04-27
485,24,1,rayo,12,2026-01-21,23,2026-06-01,2026-05-26
486,136,84,flama,30,2026-02-22,29,2026-04-21,2026-05-18
487,8,55,flama,14,2026-01-07,20,2026-05-06,2026-04-19
488,24,173,chispa,6,2026-01-04,21,2026-04-18,2026-05-06
489,169,175,tormenta,22,2026-01-06,25,2026-05-31,2026-06-03
490,148,97,flama,26,2026-01-19,24,2026-05-15,2026-06-06
491,193,116,tormenta,28,2026-01-08,22,2026-04-20,2026-05-09
492,84,87,tormenta,6,2026-01-15,9,2026-05-22,2026-05-24
493,81,183,magma,6,2026-02-01,4,2026-05-18,2026-05-06
494,54,84,rayo,12,2026-02-22,26,2026-04-20,2026-04-23
495,111,26,magma,30,2026-02-26,23,2026-04-21,2026-04-30
496,64,41,magma,28,2026-02-20,16,2026-05-03,2026-04-30
497,136,175,rayo,3,2026-01-12,17,2026-05-05,2026-05-03
498,81,107,magma,20,2026-01-16,13,2026-05-08,2026-06-08
499,30,70,flama,24,2026-01-10,9,2026-05-04,2026-04-24
500,0,162,magma,20,2026-01-17,21,2026-06-06,2026-04-15
501,199,50,flama,9,2026-02-10,27,2026-05-06,2026-05-31
502,60,142,rayo,10,2026-01-21,0,2026-06-01,2026-06-05
503,21,112,flama,24,2026-02-16,29,2026-05-17,2026-05-27
504,96,58,tormenta,7,2026-01-25,11,2026-04-13,2026-06-09
505,165,98,flama,10,2026-01-27,21,2026-05-09,2026-04-17
506,46,102,tormenta,28,2026-02-04,18,2026-04-24,2026-04-25
507,106,143,magma,17,2026-01-19,12,2026-05-16,2026-05-02
508,140,164,rayo,14,2026-01-12,1,2026-06-02,2026-04-19
509,41,10,flama,3,2026-01-10,28,2026-06-02,2026-05-26
510,92,108,magma,9,2026-01-27,5,2026-05-14,2026-05-07
511,40,35,flama,28,2026-01-17,23,2026-04-24,2026-04-21
512,20,195,rayo,24,2026-01-27,1,2026-05-16,2026-04-28
513,80,70,rayo,7,2026-01-19,10,2026-04-29,2026-05-05
514,193,200,tormenta,25,2026-01-04,18,2026-05-31,2026-04-19
515,146,88,magma,26,2026-02-25,26,2026-05-31,2026-05-27
516,64,149,rayo,9,2026-01-26,24,2026-06-06,2026-04-22
517,27,95,rayo,22,2026-03-01,1,2026-06-09,2026-04-14
518,118,152,magma,6,2026-01-03,2,2026-06-03,2026-05-09
519,199,92,magma,21,2026-02-09,22,2026-04-24,2026-05-11
520,187,41,tormenta,13,2026-01-29,25,2026-05-11,2026-05-09
521,142,109,magma,26,2026-02-01,4,2026-05-31,2026-04-16
522,95,96,flama,15,2026-01-04,21,2026-05-31,2026-05-19
523,159,124,flama,16,2026-01-19,23,2026-05-29,2026-05-25
524,200,76,rayo,26,2026-01-10,14,2026-06-03,2026-05-14
525,112,8,chispa,2,2026-01-30,16,2026-05-05,2026-04-27
526,1,159,flama,18,2026-02-22,27,2026-05-18,2026-04-15
527,23,16,rayo,7,2026-01-14,17,2026-04-20,2026-05-12
528,111,61,flama,5,2026-02-21,6,2026-05-28,2026-06-10
529,100,132,rayo,13,2026-01-22,25,2026-04-24,2026-05-04
530,133,178,flama,18,2026-01-10,27,2026-05-04,2026-06-10
531,152,14,flama,23,2026-02-21,9,2026-05-27,2026-05-23
532,82,171,chispa,14,2026-02-27,7,2026-04-24,2026-06-07
533,9,94,magma,24,2026-01-29,6,2026-05-02,2026-04-29
534,160,143,tormenta,14,2026-01-19,4,2026-04-24,2026-04-15
535,19,169,flama,6,2026-01-05,10,2026-04-29,2026-06-06
536,3,123,rayo,28,2026-02-19,27,2026-04-21,2026-05-17
537,108,156,magma,19,2026-02-16,18,2026-04-14,2026-04-27
538,117,29,flama,16,2026-02-05,28,2026-05-04,2026-06-09
539,176,48,tormenta,20,2026-03-02,28,2026-05-22,2026-04-18
540,132,95,tormenta,30,2026-02-18,4,2026-04-12,2026-05-09
541,24,159,chispa,18,2026-02-14,16,2026-04-23,2026-05-24
542,70,19,flama,12,2026-02-12,17,2026-05-12,2026-05-07
543,31,168,rayo,4,2026-01-10,24,2026-05-20,2026-05-30
544,161,88,tormenta,5,2026-02-08,3,2026-04-24,2026-05-07
545,34,15,magma,8,2026-02-03,27,2026-04-26,2026-04-18
546,32,172,chispa,26,2026-02-23,11,2026-05-12,2026-05-08
547,49,50,tormenta,9,2026-01-03,3,2026-05-14,2026-04-22
548,136,16,magma,11,2026-01-24,28,2026-05-18,2026-04-21
549,167,141,magma,23,2026-02-07,7,2026-04-22,2026-06-09
550,1,116,tormenta,4,2026-03-03,17,2026-05-28,2026-05-23
551,95,69,flama,18,2026-01-18,26,2026-05-02,2026-04-29
552,79,129,tormenta,14,2026-03-03,14,2026-06-06,2026-04-22
553,79,73,chispa,20,2026-02-26,0,2026-06-08,2026-04-14
554,44,175,rayo,17,2026-03-02,16,2026-04-18,2026-04-17
555,39,2,tormenta,3,2026-01-27,18,2026-04-11,2026-05-20
556,45,129,rayo,9,2026-01-24,29,2026-04-18,2026-04-28
557,136,49,tormenta,0,2026-02-15,30,2026-05-25,2026-05-01
558,198,29,flama,19,2026-01-04,10,2026-05-09,2026-05-30
559,187,172,chispa,0,2026-02-03,11,2026-04-16,2026-04-21
560,108,151,rayo,4,2026-02-08,4,2026-05-07,2026-05-20
561,29,116,flama,26,2026-02-03,23,2026-04-14,2026-05-02
562,139,178,magma,13,2026-01-10,1,2026-04-25,2026-05-19
563,140,39,flama,23,2026-01-23,6,2026-05-09,2026-05-14
564,41,33,rayo,26,2026-02-22,27,2026-05-02,2026-05-31
565,43,57,magma,12,2026-01-15,20,2026-04-23,2026-05-03
566,67,12,flama,30,2026-01-31,13,2026-05-21,2026-04-12
567,108,97,rayo,2,2026-02-20,22,2026-04-14,2026-05-16
568,11,125,flama,6,2026-01-12,18,2026-04-23,2026-04-25
569,100,137,chispa,1,2026-01-10,14,2026-05-22,2026-05-20
570,184,34,flama,9,2026-01-31,18,2026-05-02,2026-05-23
571,96,128,chispa,26,2026-02-19,17,2026-05-12,2026-05-09
572,93,33,tormenta,10,2026-01-25,17,2026-05-05,2026-05-03
573,102,118,rayo,0,2026-02-06,19,2026-06-04,2026-05-24
574,34,20,flama,16,2026-01-03,3,2026-05-31,2026-05-13
575,4,200,rayo,25,2026-01-20,15,2026-04-17,2026-06-01
576,175,46,rayo,25,2026-02-08,3,2026-04-27,2026-05-14
577,135,8,magma,15,2026-02-14,21,2026-04-17,2026-04-12
578,42,183,flama,16,2026-02-04,10,2026-04-26,2026-05-10
579,114,148,tormenta,24,2026-02-10,28,2026-06-03,2026-04-18
580,115,163,flama,23,2026-01-27,4,2026-05-15,2026-04-19
581,117,195,tormenta,4,2026-01-18,3,2026-04-12,2026-04-14
582,195,9,magma,12,2026-01-15,2,2026-05-27,2026-04-29
583,155,103,rayo,19,2026-02-05,24,2026-04-12,2026-04-19
584,161,109,flama,5,2026-01-03,17,2026-05-04,2026-05-27
585,75,73,magma,18,2026-02-17,28,2026-05-17,2026-05-10
586,56,40,chispa,30,2026-01-02,20,2026-04-11,2026-06-07
587,189,119,tormenta,29,2026-02-08,14,2026-04-16,2026-06-06
588,1,196,chispa,26,2026-01-03,13,2026-05-08,2026-06-04
589,149,108,rayo,1,2026-01-28,14,2026-06-07,2026-04-12
590,50,70,chispa,25,2026-02-05,9,2026-04-17,2026-04-20
591,46,186,flama,11,2026-01-27,29,2026-05-01,2026-06-07
592,98,95,tormenta,9,2026-02-18,26,2026-04-12,2026-05-17
593,121,53,tormenta,8,2026-02-24,17,2026-05-02,2026-05-29
594,190,92,flama,21,2026-01-07,5,2026-06-07,2026-05-03
595,69,29,tormenta,17,2026-02-02,0,2026-04-16,2026-05-15
596,17,39,chispa,18,2026-03-03,20,2026-04-12,2026-05-05
597,161,157,flama,4,2026-01-19,17,2026-05-06,2026-05-18
598,114,85,tormenta,17,2026-02-14,28,2026-04-18,2026-05-16
599,182,74,rayo,6,2026-02-08,5,2026-05-16,2026-04-27
600,108,81,tormenta,7,2026-01-31,19,2026-06-09,2026-05-13
601,138,122,tormenta,20,2026-01-28,22,2026-05-23,2026-05-05
602,138,113,magma,7,2026-02-05,20,2026-05-24,2026-04-21
603,121,84,flama,27,2026-01-23,15,2026-05-19,2026-04-23
604,129,140,flama,2,2026-02-20,5,2026-04-14,2026-04-21
605,61,65,rayo,16,2026-02-16,8,2026-04-20,2026-04-23
606,114,75,rayo,18,2026-01-26,30,2026-05-30,2026-05-10
607,91,140,magma,10,2026-01-30,20,2026-05-23,2026-06-05
608,95,146,magma,13,2026-01-28,22,2026-04-11,2026-04-22
609,157,101,chispa,10,2026-01-06,20,2026-05-24,2026-06-07
610,27,138,flama,7,2026-01-27,13,2026-04-25,2026-04-19
611,6,146,magma,21,2026-02-11,2,2026-06-10,2026-04-19
612,153,127,flama,24,2026-02-03,26,2026-04-26,2026-04-12
613,27,37,chispa,27,2026-01-30,18,2026-06-10,2026-06-01
614,80,135,rayo,29,2026-01-05,28,2026-06-07,2026-05-09
615,28,165,flama,26,2026-02-15,24,2026-05-24,2026-06-03
616,58,73,flama,22,2026-02-20,1,2026-06-04,2026-04-28
617,111,150,magma,22,2026-01-17,14,2026-06-04,2026-05-15
618,107,173,chispa,0,2026-01-24,18,2026-05-30,2026-05-22
619,34,131,magma,4,2026-03-02,5,2026-05-18,2026-04-21
620,113,89,flama,16,2026-02-16,7,2026-06-01,2026-05-09
621,110,123,chispa,18,2026-01-05,19,2026-04-25,2026-05-18
622,26,0,chispa,17,2026-01-19,19,2026-05-28,2026-05-14
623,106,147,magma,29,2026-01-31,29,2026-04-27,2026-04-29
624,36,25,chispa,16,2026-02-16,25,2026-04-28,2026-05-17
625,27,72,tormenta,1,2026-01-22,28,2026-04-29,2026-04-25
626,32,67,chispa,18,2026-02-24,0,2026-05-20,2026-05-28
627,18,88,flama,26,2026-02-01,6,2026-04-15,2026-05-04
628,157,65,tormenta,0,2026-01-21,5,2026-04-30,2026-06-06
629,101,173,flama,19,2026-01-07,19,2026-06-06,2026-04-14
630,19,48,tormenta,18,2026-01-07,2,2026-06-04,2026-04-29
631,94,178,magma,7,2026-01-07,11,2026-04-22,2026-04-24
632,6,172,magma,3,2026-02-07,0,2026-05-15,2026-05-16
633,43,63,tormenta,9,2026-02-11,27,2026-05-11,2026-04-20
634,139,90,chispa,2,2026-01-21,17,2026-05-02,2026-05-05
635,132,140,chispa,30,2026-03-02,27,2026-05-10,2026-05-15
636,132,170,chispa,3,2026-01-18,13,2026-05-08,2026-04-24
637,105,122,rayo,15,2026-01-12,23,2026-04-19,2026-06-08
638,185,162,chispa,4,2026-01-02,22,2026-04-28,2026-05-08
639,24,40,magma,5,2026-02-23,25,2026-05-19,2026-06-04
640,134,63,magma,26,2026-02-07,24,2026-06-07,2026-04-25
641,150,32,chispa,10,2026-02-01,15,2026-04-17,2026-05-04
642,56,8,rayo,29,2026-02-09,4,2026-04-30,2026-04-14
643,174,135,magma,21,2026-02-14,11,2026-04-29,2026-05-12
644,78,184,magma,18,2026-01-14,18,2026-04-22,2026-04-14
645,128,2,tormenta,11,2026-01-13,24,2026-04-19,2026-04-23
646,20,72,flama,30,2026-03-02,1,2026-06-02,2026-05-01
647,81,168,magma,30,2026-02-23,20,2026-05-09,2026-04-14
648,48,78,magma,18,2026-02-12,27,2026-04-24,2026-06-08
649,37,24,rayo,20,2026-01-28,19,2026-05-25,2026-05-01
650,34,22,tormenta,20,2026-02-16,9,2026-05-11,2026-04-21
651,68,54,tormenta,22,2026-01-25,24,2026-05-26,2026-05-11
652,49,19,rayo,18,2026-02-07,10,2026-05-22,2026-06-10
653,64,151,rayo,5,2026-02-13,16,2026-04-20,2026-06-01
654,151,77,chispa,6,2026-02-08,24,2026-05-13,2026-05-08
655,35,125,tormenta,23,2026-02-07,6,2026-04-16,2026-06-02
656,117,113,tormenta,30,2026-02-26,3,2026-05-06,2026-06-06
657,118,59,flama,25,2026-01-28,6,2026-04-26,2026-04-12
658,27,139,magma,9,2026-02-22,21,2026-06-06,2026-05-12
659,170,113,chispa,13,2026-02-03,23,2026-06-01,2026-06-02
660,75,187,tormenta,19,2026-01-14,28,2026-05-06,2026-05-30
661,180,194,magma,11,2026-01-30,12,2026-05-23,2026-05-04
662,57,78,chispa,17,2026-02-06,0,2026-04-12,2026-04-28
663,9,43,rayo,6,2026-01-19,24,2026-04-24,2026-04-28
664,146,58,chispa,21,2026-02-11,24,2026-05-02,2026-06-10
665,105,1,tormenta,22,2026-01-29,22,2026-05-20,2026-05-05
666,181,76,tormenta,23,2026-01-26,10,2026-04-30,2026-04-11
667,68,37,magma,29,2026-02-05,21,2026-05-13,2026-05-13
668,25,179,tormenta,19,2026-01-22,14,2026-06-06,2026-06-08
669,108,104,flama,27,2026-01-30,27,2026-05-23,2026-06-02
670,42,24,rayo,27,2026-02-27,1,2026-06-09,2026-05-21
671,38,93,rayo,11,2026-01-17,25,2026-05-22,2026-05-21
672,48,176,flama,26,2026-02-19,10,2026-05-05,2026-04-27
673,81,22,magma,26,2026-01-31,21,2026-05-16,2026-06-08
674,73,151,rayo,18,2026-01-06,4,2026-05-19,2026-04-26
675,67,164,magma,28,2026-01-31,25,2026-04-24,2026-04-22
676,158,163,magma,19,2026-02-27,12,2026-05-05,2026-04-20
677,134,102,flama,4,2026-01-17,17,2026-06-08,2026-06-08
678,148,11,tormenta,0,2026-02-03,29,2026-04-22,2026-05-03
679,155,103,tormenta,3,2026-01-02,13,2026-05-15,2026-04-17
680,81,117,magma,16,2026-02-22,7,2026-05-09,2026-05-18
681,22,8,magma,18,2026-02-02,29,2026-06-08,2026-04-15
682,69,32,flama,14,2026-01-12,22,2026-05-08,2026-04-12
683,159,12,magma,13,2026-02-19,0,2026-06-05,2026-06-04
684,176,35,tormenta,30,2026-01-20,8,2026-04-27,2026-06-09
685,175,93,flama,25,2026-02-15,10,2026-04-17,2026-05-18
686,82,42,chispa,24,2026-01-05,15,2026-04-28,2026-05-28
687,199,96,rayo,28,2026-01-18,18,2026-06-09,2026-05-23
688,79,162,magma,17,2026-01-17,25,2026-06-01,2026-05-25
689,100,3,rayo,6,2026-01-23,27,2026-05-21,2026-05-17
690,111,83,magma,0,2026-02-25,24,2026-05-11,2026-04-15
691,45,147,magma,6,2026-01-04,30,2026-05-10,2026-04-23
692,188,97,chispa,30,2026-02-03,2,2026-05-15,2026-04-14
693,159,24,tormenta,1,2026-02-04,26,2026-06-10,2026-05-25
694,33,64,tormenta,16,2026-02-03,13,2026-04-27,2026-06-10
695,44,179,chispa,2,2026-02-07,5,2026-05-21,2026-04-16
696,104,34,flama,9,2026-02-01,30,2026-04-25,2026-05-21
697,176,154,tormenta,13,2026-02-04,21,2026-05-02,2026-04-14
698,7,127,chispa,0,2026-01-25,10,2026-05-02,2026-05-16
699,137,151,flama,29,2026-02-11,30,2026-05-14,2026-04-21
700,160,173,magma,28,2026-02-10,22,2026-05-02,2026-06-03
701,68,77,magma,18,2026-02-20,9,2026-04-29,2026-05-19
702,138,41,rayo,2,2026-01-28,17,2026-04-11,2026-04-27
703,193,97,flama,28,2026-02-22,30,2026-06-04,2026-04-25
704,188,130,rayo,7,2026-02-18,9,2026-05-27,2026-04-17
705,7,151,magma,3,2026-01-14,22,2026-04-18,2026-05-13
706,59,181,chispa,11,2026-02-10,12,2026-04-29,2026-05-12
707,162,105,tormenta,23,2026-01-07,29,2026-05-09,2026-04-26
708,72,199,flama,12,2026-03-02,14,2026-05-30,2026-05-09
709,115,119,chispa,7,2026-02-15,10,2026-04-24,2026-05-06
710,0,27,magma,4,2026-02-20,7,2026-04-28,2026-06-10
711,10,186,tormenta,11,2026-02-22,14,2026-05-11,2026-05-09
712,145,21,tormenta,24,2026-01-10,0,2026-05-15,2026-04-22
713,112,7,flama,28,2026-02-04,21,2026-04-17,2026-05-16
714,27,37,tormenta,17,2026-01-25,15,2026-05-15,2026-06-05
715,82,39,chispa,14,2026-01-19,25,2026-06-10,2026-05-15
716,5,185,flama,24,2026-01-11,19,2026-05-03,2026-05-17
717,152,99,tormenta,18,2026-01-12,21,2026-05-20,2026-04-15
718,63,162,chispa,15,2026-01-05,28,2026-04-29,2026-06-05
719,121,173,rayo,13,2026-01-28,7,2026-04-20,2026-06-06
720,67,108,chispa,12,2026-02-18,1,2026-06-03,2026-04-26
721,109,63,chispa,27,2026-02-04,16,2026-06-01,2026-05-08
722,9,164,rayo,28,2026-01-23,11,2026-06-04,2026-06-01
723,22,70,rayo,22,2026-02-26,1,2026-05-05,2026-06-06
724,166,93,rayo,2,2026-01-11,25,2026-06-07,2026-05-24
725,157,106,magma,6,2026-01-21,26,2026-06-07,2026-05-04
726,94,110,magma,3,2026-01-23,0,2026-06-09,2026-05-25
727,103,93,rayo,17,2026-02-19,30,2026-04-16,2026-05-14
728,38,170,magma,16,2026-01-30,9,2026-06-04,2026-04-30
729,55,11,chispa,19,2026-01-18,19,2026-06-07,2026-05-18
730,118,29,flama,3,2026-01-27,6,2026-05-26,2026-05-04
731,123,59,rayo,24,2026-01-25,28,2026-05-31,2026-04-15
732,91,11,chispa,21,2026-01-14,10,2026-05-21,2026-04-18
733,7,153,rayo,14,2026-01-24,9,2026-05-28,2026-06-04
734,56,75,flama,6,2026-02-19,12,2026-05-29,2026-04-16
735,71,157,flama,30,2026-01-27,19,2026-05-06,2026-04-29
736,77,179,magma,1,2026-03-01,23,2026-04-16,2026-05-07
737,46,10,magma,12,2026-01-29,29,2026-05-29,2026-06-02
738,52,20,magma,15,2026-01-25,22,2026-04-17,2026-05-27
739,100,123,tormenta,7,2026-02-25,3,2026-05-01,2026-04-14
740,131,178,tormenta,10,2026-01-28,0,2026-05-12,2026-06-06
741,31,137,tormenta,26,2026-01-02,10,2026-05-11,2026-05-22
742,199,45,rayo,3,2026-02-19,8,2026-05-08,2026-05-11
743,179,62,flama,22,2026-03-03,24,2026-06-09,2026-05-27
744,66,153,rayo,9,2026-01-05,22,2026-05-06,2026-05-31
745,193,11,tormenta,2,2026-02-03,17,2026-04-12,2026-05-17
746,176,58,rayo,2,2026-02-12,24,2026-04-23,2026-05-06
747,131,79,chispa,16,2026-02-06,11,2026-04-18,2026-06-03
748,66,134,flama,26,2026-03-03,5,2026-05-21,2026-05-03
749,145,197,rayo,10,2026-01-04,15,2026-05-08,2026-05-16
750,141,170,magma,2,2026-02-27,25,2026-04-30,2026-05-04
751,136,126,flama,8,2026-01-21,20,2026-05-22,2026-05-09
752,163,58,flama,18,2026-02-21,22,2026-04-26,2026-04-23
753,38,15,tormenta,30,2026-02-23,21,2026-04-15,2026-04-26
754,17,48,chispa,4,2026-02-19,16,2026-05-29,2026-06-01
755,45,37,tormenta,2,2026-02-21,10,2026-05-12,2026-05-05
756,148,48,tormenta,23,2026-02-19,26,2026-04-23,2026-05-21
757,33,1,magma,2,2026-02-20,5,2026-04-16,2026-06-05
758,21,29,tormenta,17,2026-02-07,25,2026-04-13,2026-04-12
759,173,197,rayo,13,2026-02-25,20,2026-06-02,2026-04-19
760,74,184,chispa,16,2026-01-07,13,2026-04-20,2026-06-03
761,2,38,magma,4,2026-02-19,23,2026-04-20,2026-05-11
762,78,155,tormenta,3,2026-01-03,30,2026-05-07,2026-05-06
763,163,171,rayo,20,2026-01-06,27,2026-04-18,2026-04-11
764,199,32,flama,0,2026-02-17,26,2026-05-22,2026-05-01
765,114,35,rayo,9,2026-02-22,24,2026-04-17,2026-05-26
766,155,195,chispa,16,2026-02-05,11,2026-06-08,2026-05-10
767,13,50,flama,8,2026-02-17,5,2026-05-11,2026-05-26
768,162,39,flama,28,2026-03-01,9,2026-04-23,2026-04-17
769,9,16,tormenta,11,2026-02-21,15,2026-04-22,2026-05-03
770,147,52,tormenta,11,2026-02-19,19,2026-05-02,2026-04-17
771,4,18,rayo,24,2026-01-18,30,2026-04-11,2026-04-20
772,188,185,tormenta,2,2026-01-11,22,2026-04-11,2026-05-12
773,70,106,rayo,28,2026-02-18,5,2026-06-01,2026-04-15
774,11,22,rayo,27,2026-01-28,19,2026-05-09,2026-04-11
775,17,156,chispa,7,2026-01-10,13,2026-05-01,2026-05-20
776,174,97,flama,17,2026-01-17,12,2026-04-28,2026-04-20
777,112,59,rayo,23,2026-02-01,3,2026-05-14,2026-04-24
778,30,75,tormenta,17,2026-02-10,13,2026-04-30,2026-05-09
779,6,163,flama,5,2026-01-05,5,2026-05-09,2026-05-18
780,5,186,flama,27,2026-01-24,22,2026-06-10,2026-06-02
781,81,5,rayo,8,2026-02-11,17,2026-04-14,2026-05-25
782,97,153,flama,23,2026-02-12,22,2026-05-24,2026-05-26
783,122,122,flama,27,2026-02-01,14,2026-04-23,2026-05-07
784,28,90,rayo,25,2026-02-16,15,2026-05-04,2026-05-16
785,7,90,flama,10,2026-03-01,18,2026-05-29,2026-05-25
786,22,152,tormenta,14,2026-01-31,4,2026-04-26,2026-06-09
787,0,119,tormenta,3,2026-01-03,14,2026-06-07,2026-05-17
788,179,114,magma,21,2026-02-20,12,2026-05-26,2026-05-27
789,92,79,chispa,26,2026-01-06,28,2026-04-13,2026-06-01
790,48,142,rayo,17,2026-02-07,5,2026-05-21,2026-04-19
791,16,193,rayo,4,2026-02-02,9,2026-06-09,2026-04-22
792,50,113,magma,23,2026-01-09,15,2026-05-03,2026-04-11
793,152,129,flama,5,2026-01-16,30,2026-05-12,2026-05-30
794,30,61,chispa,14,2026-02-09,8,2026-04-22,2026-06-04
795,116,103,magma,12,2026-01-19,7,2026-04-20,2026-04-19
796,18,19,chispa,0,2026-01-17,23,2026-06-05,2026-06-09
797,31,166,magma,24,2026-02-01,4,2026-04-20,2026-05-06
798,13,4,magma,7,2026-01-21,18,2026-06-05,2026-04-27
799,93,93,flama,22,2026-02-22,21,2026-05-15,2026-06-04
800,122,122,flama,28,2026-02-14,6,2026-05-08,2026-04-17
801,54,57,magma,0,2026-01-29,4,2026-04-25,2026-06-06
802,59,65,magma,15,2026-02-25,23,2026-04-28,2026-05-17
803,147,117,chispa,17,2026-02-27,22,2026-05-07,2026-05-31
804,189,16,flama,30,2026-02-01,5,2026-05-07,2026-04-27
805,101,99,magma,14,2026-03-03,28,2026-04-16,2026-06-04
806,165,124,rayo,20,2026-01-27,5,2026-05-27,2026-05-31
807,9,1,rayo,25,2026-02-24,5,2026-05-27,2026-05-18
808,144,109,chispa,29,2026-01-09,22,2026-05-10,2026-05-28
809,172,68,flama,8,2026-01-22,30,2026-05-30,2026-05-28
810,172,160,chispa,21,2026-01-22,7,2026-05-04,2026-04-23
811,192,15,flama,24,2026-01-07,13,2026-06-08,2026-05-04
812,74,193,tormenta,24,2026-02-18,14,2026-04-23,2026-05-13
813,72,34,flama,5,2026-01-14,5,2026-05-01,2026-06-04
814,79,22,magma,1,2026-01-20,27,2026-05-26,2026-05-03
815,155,53,chispa,9,2026-02-25,16,2026-05-01,2026-06-05
816,71,199,tormenta,11,2026-01-24,6,2026-05-12,2026-04-27
817,53,47,rayo,3,2026-02-17,29,2026-05-24,2026-05-07
818,156,181,chispa,30,2026-03-01,10,2026-05-02,2026-05-03
819,39,90,flama,28,2026-02-02,19,2026-05-15,2026-05-02
820,129,194,rayo,1,2026-01-30,17,2026-05-15,2026-05-20
821,80,154,rayo,23,2026-01-13,27,2026-05-07,2026-04-14
822,12,12,rayo,15,2026-01-10,17,2026-05-31,2026-04-11
823,77,61,flama,21,2026-01-26,18,2026-05-19,2026-04-20
824,108,200,rayo,20,2026-01-05,24,2026-05-18,2026-05-21
825,58,174,chispa,0,2026-03-02,2,2026-06-04,2026-05-07
826,80,111,magma,5,2026-02-08,10,2026-04-11,2026-04-21
827,134,9,magma,26,2026-03-02,22,2026-06-05,2026-05-08
828,127,134,tormenta,2,2026-01-15,3,2026-05-18,2026-06-10
829,0,81,rayo,9,2026-01-22,20,2026-05-06,2026-04-24
830,166,46,flama,18,2026-01-27,14,2026-05-16,2026-05-27
831,130,60,magma,21,2026-02-03,25,2026-05-03,2026-04-11
832,97,72,magma,22,2026-02-22,20,2026-05-31,2026-05-10
833,42,196,flama,26,2026-01-10,10,2026-05-25,2026-04-23
834,199,16,flama,25,2026-02-06,10,2026-04-23,2026-05-25
835,139,99,flama,1,2026-02-20,17,2026-05-15,2026-04-29
836,155,60,flama,6,2026-02-22,18,2026-05-03,2026-05-28
837,97,105,flama,2,2026-02-27,11,2026-04-18,2026-04-23
838,188,69,rayo,12,2026-02-23,4,2026-06-05,2026-05-14
839,110,49,rayo,11,2026-02-06,10,2026-04-26,2026-06-09
840,177,53,rayo,27,2026-02-28,23,2026-05-18,2026-04-23
841,108,125,flama,25,2026-02-26,28,2026-05-22,2026-06-01
842,152,80,rayo,4,2026-02-12,26,2026-05-27,2026-05-30
843,77,20,rayo,25,2026-01-31,10,2026-05-21,2026-06-07
844,122,189,tormenta,17,2026-02-26,7,2026-05-09,2026-05-20
845,76,157,chispa,30,2026-01-20,20,2026-04-28,2026-05-30
846,70,146,flama,19,2026-01-17,6,2026-04-11,2026-04-21
847,133,1,tormenta,18,2026-01-05,6,2026-04-19,2026-05-12
848,117,132,chispa,6,2026-02-03,9,2026-05-17,2026-06-07
849,74,60,chispa,8,2026-01-13,11,2026-05-11,2026-05-29
850,183,185,magma,28,2026-01-18,13,2026-06-04,2026-06-07
851,120,81,rayo,21,2026-03-01,28,2026-05-19,2026-05-18
852,73,43,chispa,11,2026-02-28,11,2026-04-12,2026-06-03
853,175,21,rayo,27,2026-01-07,4,2026-05-18,2026-05-01
854,107,95,tormenta,18,2026-01-05,23,2026-06-05,2026-05-14
855,178,128,magma,12,2026-01-12,30,2026-04-14,2026-05-29
856,33,57,chispa,1,2026-01-05,2,2026-05-11,2026-04-21
857,122,46,flama,11,2026-02-04,20,2026-06-06,2026-04-11
858,13,138,chispa,19,2026-02-16,7,2026-04-19,2026-04-14
859,142,41,chispa,2,2026-03-03,20,2026-05-28,2026-06-04
860,144,106,rayo,20,2026-02-18,11,2026-06-07,2026-05-15
861,74,99,tormenta,22,2026-01-16,5,2026-05-12,2026-06-09
862,175,150,magma,25,2026-02-07,27,2026-06-06,2026-04-11
863,7,22,flama,9,2026-02-07,23,2026-05-08,2026-05-04
864,54,114,chispa,26,2026-02-24,13,2026-05-26,2026-04-15
865,85,171,tormenta,29,2026-02-25,3,2026-06-08,2026-05-13
866,148,56,tormenta,13,2026-01-23,5,2026-04-18,2026-05-01
867,102,114,rayo,7,2026-02-16,19,2026-05-22,2026-04-22
868,150,83,magma,30,2026-02-17,21,2026-05-27,2026-04-11
869,42,33,tormenta,18,2026-01-13,26,2026-04-14,2026-05-20
870,16,54,tormenta,28,2026-02-15,13,2026-05-30,2026-04-30
871,169,12,magma,5,2026-02-02,5,2026-04-26,2026-04-17
872,10,44,tormenta,30,2026-01-19,2,2026-06-09,2026-04-24
873,151,67,rayo,16,2026-03-02,20,2026-05-23,2026-06-09
874,11,75,tormenta,16,2026-02-19,1,2026-05-21,2026-04-19
875,126,20,tormenta,27,2026-01-02,17,2026-05-04,2026-05-15
876,128,110,rayo,16,2026-03-02,8,2026-04-20,2026-06-02
877,110,121,flama,19,2026-02-16,24,2026-05-13,2026-05-23
878,81,188,tormenta,24,2026-02-10,17,2026-05-22,2026-04-14
879,168,129,tormenta,24,2026-01-24,28,2026-05-17,2026-05-10
880,121,92,tormenta,27,2026-01-03,17,2026-05-24,2026-05-23
881,48,128,rayo,11,2026-01-12,8,2026-05-06,2026-05-05
882,49,185,magma,16,2026-02-11,23,2026-04-27,2026-06-06
883,152,53,rayo,24,2026-02-08,26,2026-05-03,2026-05-17
884,23,169,flama,18,2026-02-24,3,2026-06-02,2026-04-16
885,64,196,chispa,1,2026-01-22,0,2026-04-27,2026-05-18
886,79,99,tormenta,16,2026-01-07,2,2026-05-25,2026-05-20
887,144,171,magma,12,2026-02-13,12,2026-06-03,2026-04-21
888,1,15,tormenta,11,2026-02-22,6,2026-06-09,2026-06-05
889,79,46,tormenta,19,2026-01-06,15,2026-04-16,2026-04-21
890,77,92,magma,16,2026-02-02,27,2026-05-04,2026-06-02
891,84,3,tormenta,26,2026-01-07,27,2026-06-03,2026-04-13
892,196,95,chispa,20,2026-01-21,30,2026-04-27,2026-05-12
893,72,148,magma,16,2026-03-01,20,2026-05-24,2026-05-05
894,105,122,magma,5,2026-01-12,4,2026-05-05,2026-04-13
895,26,63,magma,22,2026-02-03,6,2026-04-24,2026-04-22
896,29,123,flama,27,2026-02-04,25,2026-05-23,2026-04-11
897,127,157,tormenta,16,2026-03-02,12,2026-05-07,2026-05-06
898,60,193,rayo,3,2026-01-13,10,2026-06-10,2026-05-04
899,70,36,flama,17,2026-02-09,4,2026-04-11,2026-05-29
900,39,8,chispa,21,2026-02-23,21,2026-06-08,2026-06-04
901,79,198,flama,10,2026-01-08,5,2026-04-11,2026-04-14
902,0,150,flama,18,2026-01-21,24,2026-05-27,2026-05-14
903,43,52,magma,28,2026-03-03,24,2026-05-24,2026-05-11
904,179,42,rayo,5,2026-02-18,12,2026-05-05,2026-05-24
905,82,44,rayo,3,2026-02-16,6,2026-05-29,2026-05-04
906,198,174,magma,16,2026-01-31,15,2026-05-22,2026-05-17
907,97,48,tormenta,4,2026-01-24,4,2026-05-28,2026-05-17
908,99,154,flama,11,2026-01-29,2,2026-06-09,2026-05-13
909,2,123,rayo,7,2026-01-02,30,2026-04-22,2026-05-08
910,161,39,flama,14,2026-01-25,27,2026-05-23,2026-05-19
911,128,159,rayo,0,2026-02-04,19,2026-05-21,2026-04-28
912,128,159,chispa,23,2026-02-19,28,2026-04-13,2026-06-03
913,58,46,rayo,11,2026-01-28,16,2026-05-04,2026-05-07
914,150,18,tormenta,14,2026-01-23,30,2026-04-29,2026-05-14
915,30,75,chispa,11,2026-03-02,25,2026-04-21,2026-05-05
916,86,140,flama,22,2026-01-26,30,2026-04-28,2026-05-04
917,98,87,rayo,15,2026-01-22,5,2026-06-06,2026-05-10
918,154,52,tormenta,6,2026-02-04,20,2026-05-07,2026-04-11
919,194,198,chispa,23,2026-01-30,14,2026-05-29,2026-05-10
920,121,39,tormenta,7,2026-02-03,3,2026-05-19,2026-05-03
921,75,189,tormenta,25,2026-01-05,3,2026-05-16,2026-04-18
922,25,59,magma,19,2026-01-13,11,2026-04-16,2026-06-05
923,17,58,tormenta,29,2026-01-21,1,2026-04-23,2026-05-04
924,63,30,magma,2,2026-02-14,11,2026-04-20,2026-05-23
925,22,1,magma,22,2026-02-04,3,2026-05-01,2026-06-03
926,156,168,flama,4,2026-02-14,6,2026-04-26,2026-05-02
927,76,28,chispa,29,2026-01-22,14,2026-04-13,2026-05-22
928,174,141,chispa,15,2026-01-02,24,2026-05-12,2026-04-28
929,3,193,magma,1,2026-01-18,5,2026-06-09,2026-05-12
930,162,174,chispa,24,2026-01-25,8,2026-06-03,2026-04-25
931,68,110,magma,28,2026-01-08,9,2026-05-05,2026-05-03
932,68,152,flama,8,2026-01-20,14,2026-05-24,2026-05-07
933,169,91,tormenta,13,2026-01-30,15,2026-04-19,2026-05-03
934,118,190,rayo,29,2026-02-27,22,2026-05-29,2026-05-20
935,144,185,rayo,20,2026-02-12,2,2026-04-27,2026-05-17
936,194,52,rayo,26,2026-01-07,10,2026-05-23,2026-05-22
937,126,81,tormenta,7,2026-03-03,26,2026-05-22,2026-05-24
938,188,162,magma,5,2026-01-26,3,2026-04-18,2026-06-06
939,185,187,magma,27,2026-02-24,29,2026-04-19,2026-05-16
940,29,89,chispa,13,2026-02-08,30,2026-05-16,2026-05-07
941,122,158,rayo,26,2026-02-27,12,2026-04-26,2026-06-01
942,120,127,chispa,16,2026-02-25,14,2026-06-05,2026-04-11
943,63,99,magma,16,2026-01-11,25,2026-05-26,2026-04-17
944,66,10,magma,20,2026-02-22,0,2026-05-17,2026-06-08
945,171,200,rayo,9,2026-02-03,9,2026-05-19,2026-04-25
946,34,115,chispa,12,2026-02-01,21,2026-05-03,2026-05-13
947,38,6,tormenta,16,2026-02-25,10,2026-06-07,2026-06-04
948,171,184,rayo,29,2026-02-15,29,2026-05-08,2026-05-08
949,172,137,tormenta,5,2026-02-13,5,2026-04-17,2026-05-19
950,22,59,magma,17,2026-01-02,12,2026-04-15,2026-05-31
951,52,43,magma,1,2026-02-01,7,2026-04-28,2026-04-23
952,195,7,tormenta,11,2026-01-10,2,2026-04-22,2026-05-18
953,151,199,chispa,20,2026-01-14,27,2026-05-07,2026-06-03
954,142,106,magma,8,2026-02-18,2,2026-04-25,2026-05-24
955,80,110,magma,22,2026-01-03,0,2026-05-27,2026-05-06
956,86,55,tormenta,25,2026-01-16,22,2026-06-02,2026-04-19
957,112,92,magma,2,2026-01-29,6,2026-06-08,2026-05-04
958,77,34,rayo,2,2026-02-20,7,2026-05-18,2026-04-28
959,127,91,chispa,12,2026-01-21,19,2026-06-03,2026-05-23
960,190,145,flama,30,2026-02-05,0,2026-06-06,2026-04-23
961,190,80,magma,23,2026-01-28,25,2026-05-14,2026-05-14
962,61,174,flama,20,2026-02-19,17,2026-05-29,2026-04-24
963,109,65,tormenta,19,2026-02-07,0,2026-06-03,2026-05-18
964,176,24,tormenta,4,2026-01-13,2,2026-05-11,2026-06-05
965,183,60,magma,7,2026-02-06,8,2026-05-01,2026-04-16
966,122,4,tormenta,1,2026-02-11,6,2026-05-22,2026-04-26
967,85,138,magma,27,2026-01-11,24,2026-05-24,2026-05-28
968,195,133,magma,28,2026-02-27,28,2026-04-23,2026-05-16
969,160,111,flama,9,2026-01-26,20,2026-04-17,2026-05-11
970,35,116,rayo,21,2026-02-11,0,2026-04-28,2026-04-24
971,59,20,chispa,18,2026-01-28,27,2026-05-17,2026-04-29
972,174,155,flama,27,2026-01-25,15,2026-05-17,2026-06-08
973,14,185,magma,30,2026-03-01,15,2026-05-05,2026-04-12
974,97,105,chispa,0,2026-01-16,0,2026-04-11,2026-04-13
975,143,49,tormenta,7,2026-01-29,17,2026-04-23,2026-06-03
976,64,186,tormenta,29,2026-02-23,28,2026-04-22,2026-05-07
977,145,110,tormenta,3,2026-01-12,15,2026-04-13,2026-05-27
978,162,69,tormenta,7,2026-01-05,9,2026-05-15,2026-05-22
979,103,11,flama,30,2026-02-02,18,2026-05-21,2026-06-10
980,190,81,tormenta,1,2026-01-03,9,2026-04-12,2026-05-29
981,125,29,flama,2,2026-02-07,23,2026-04-20,2026-04-29
982,117,66,magma,26,2026-01-07,3,2026-04-15,2026-06-04
983,63,196,flama,14,2026-02-01,27,2026-04-25,2026-05-05
984,198,61,magma,7,2026-01-11,18,2026-05-19,2026-06-07
985,82,126,chispa,25,2026-01-08,22,2026-05-13,2026-05-25
986,168,79,tormenta,28,2026-02-23,7,2026-05-05,2026-05-12
987,103,200,flama,24,2026-02-01,21,2026-06-02,2026-05-11
988,190,132,flama,21,2026-02-03,6,2026-05-03,2026-04-11
989,51,40,rayo,30,2026-01-22,20,2026-06-05,2026-04-25
990,6,73,flama,14,2026-01-30,8,2026-05-28,2026-05-09
991,176,188,tormenta,3,2026-02-21,1,2026-04-12,2026-04-30
992,152,78,flama,8,2026-02-28,24,2026-05-02,2026-05-03
993,165,176,chispa,23,2026-02-07,2,2026-05-18,2026-04-22
994,143,198,chispa,15,2026-02-24,11,2026-04-30,2026-05-07
995,149,177,rayo,3,2026-01-28,15,2026-04-24,2026-06-06
996,101,140,tormenta,10,2026-02-24,0,2026-04-18,2026-04-16
997,9,63,flama,10,2026-02-04,17,2026-05-15,2026-04-17
998,101,42,tormenta,16,2026-02-01,0,2026-06-05,2026-05-26
999,68,94,rayo,12,2026-01-10,17,2026-04-27,2026-04-20
